School,AFGHANISTAN,ALBANIA,ANDORRA,ARGENTINA,ARMENIA,AUSTRALIA,AUSTRIA,AZERBAIJAN,BAHAMAS (THE),BAHRAIN,BANGLADESH,BARBADOS,BELARUS,BELGIUM,BELIZE,BERMUDA,BHUTAN,BOLIVIA,BOSNIA AND HERZEGOVINA,BOTSWANA,BRAZIL,BRITAIN,BRITISH WEST INDIES,BULGARIA,BURMA,CAMEROON,CANADA,CAYMAN ISLANDS (THE),CENTRAL AFRICAN REPUBLIC,CEYLON,CHILE,CHINA,CHRISTMAS ISLAND,COLOMBIA,COSTA RICA,COTE D'IVOIRE,CROATIA,CYPRUS,CZECHIA,DENMARK,DOMINICAN REPUBLIC,ECUADOR,EGYPT,EL SALVADOR,ENGLAND,ERITREA,ESTONIA,ETHIOPIA,FINLAND,FRANCE,GEORGIA,GERMANY,GHANA,GIBRALTAR,GREAT BRITAIN,GREECE,GRENADA,GUAM,GUATEMALA,GUERNSEY,HAITI,HONDURAS,HONG KONG,HUNGARY,ICELAND,INDIA,INDONESIA,IRAN,IRAQ,IRELAND,ISLE OF MAN,ISRAEL,ITALY,JAMAICA,JAPAN,JERSEY,JORDAN,KAZAKHSTAN,KENYA,KUWAIT,LATVIA,LEBANON,LESOTHO,LIBERIA,LIECHTENSTEIN,LITHUANIA,LUXEMBOURG,MACAO,MADAGASCAR,MALAWI,MALAYSIA,MALI,MALTA,MAURITIUS,MEXICO,"MOLDOVA, REPUBLIC OF",MONACO,MONGOLIA,MOROCCO,MOZAMBIQUE,NAMIBIA,NEPAL,NETHERLANDS,NEW ZEALAND,NIGERIA,NORTHERN IRELAND,NORWAY,OMAN,PAKISTAN,PALESTINIAN TERRITORIES,PANAMA,PARAGUAY,PERU,PHILIPPINES,POLAND,PORTUGAL,PUERTO RICO,QATAR,ROMANIA,RUSSIA,RWANDA,SAINT KITTS AND NEVIS,SAINT LUCIA,SAUDI ARABIA,SCOTLAND,SENEGAL,SERBIA,SEYCHELLES,SINGAPORE,SLOVAKIA,SLOVENIA,SOUTH AFRICA,SOUTH KOREA,SPAIN,SRI LANKA,ST. VINCENT & THE GRENADINES,SWAZILAND,SWEDEN,SWITZERLAND,SYRIA,TAIWAN,TANZANIA,THAILAND,THE NETHERLANDS,TOKELAU,TRINIDAD AND TOBAGO,TUNISIA,TURKEY (TURKIYE),UGANDA,UKRAINE,UNITED ARAB EMIRATES,UNITED KINGDOM,UNITED NATIONS,URUGUAY,USA,UZBEKISTAN,VENEZUELA,VIETNAM,VIRGIN ISLANDS (BRITISH),WALES,ZAMBIA,ZIMBABWE,Total Foreign Donations
Harvard University,0.0,1000000.0,0.0,7440626.0,0.0,33400324.0,3159090.0,5935048.0,4797366.0,1540000.0,9885932.0,0.0,0.0,8930287.73,0.0,35338652.0,0.0,805317.0,0.0,585102.0,128040312.0,300000.0,0.0,0.0,3913581.0,0.0,166688571.09,1900000.0,0.0,0.0,16028815.0,321633723.45,0.0,10947741.0,400000.0,0.0,315000.0,32190244.0,0.0,34345409.0,433850.0,314000.0,52553035.0,814607.0,555001663.36,0.0,0.0,0.0,1557073.0,108524175.52,3687164.0,143040057.0,1582680.0,0.0,0.0,23482202.51,0.0,0.0,0.0,0.0,0.0,1203992.0,268703922.0,870000.0,0.0,207803376.5,37860316.0,185160.0,0.0,1772310.0,8180000.0,15758479.0,46085386.0,0.0,175147297.0,17544008.0,662500.0,3200000.0,7199351.0,29850636.0,0.0,2500000.0,0.0,0.0,10175312.0,0.0,821000.0,0.0,0.0,2787188.0,33879549.0,0.0,0.0,0.0,51524647.0,0.0,0.0,500000.0,8371351.0,0.0,3652597.0,0.0,35210867.0,2165180.0,13972545.0,0.0,54274731.0,1719824.0,2789982.0,1550000.0,285803.0,0.0,4771934.0,6365457.0,9950000.0,15725317.0,0.0,39511002.0,3536660.0,780547.0,355500.0,0.0,0.0,91175567.0,1261401.0,0.0,0.0,0.0,65447990.0,0.0,0.0,25092161.0,72703332.0,69981388.0,0.0,0.0,0.0,26328116.73,540306774.0,0.0,29111426.0,502550.0,32960225.0,9830601.0,0.0,0.0,705405.0,37782589.0,0.0,0.0,127846054.0,5867454.0,0.0,1098125.0,0.0,0.0,2960926.0,3001291.0,13500000.0,0.0,0.0,0.0,4007178750.8900003
Cornell University,351686.0,0.0,0.0,0.0,0.0,8507115.0,4020365.0,0.0,3981287.0,0.0,0.0,0.0,0.0,5922062.0,0.0,980000.0,0.0,0.0,0.0,0.0,611032.0,0.0,0.0,917485.0,0.0,0.0,49774815.75,327411.51,0.0,0.0,300000.0,59333290.0,0.0,460315.0,0.0,1100340.0,0.0,0.0,4400000.0,12537265.0,0.0,0.0,0.0,0.0,23168685.38,0.0,0.0,0.0,0.0,29830828.15,0.0,43852195.28,0.0,0.0,0.0,1000000.0,0.0,0.0,0.0,1500000.0,0.0,0.0,76772739.0,470000.0,0.0,87647844.0,3873093.0,0.0,0.0,6858088.0,0.0,9365081.09,2480971.0,0.0,31928919.17,0.0,0.0,0.0,1775191.0,0.0,0.0,0.0,0.0,0.0,7499980.0,0.0,2339723.0,0.0,0.0,0.0,0.0,504385.0,0.0,0.0,16745011.0,0.0,7600000.01,0.0,0.0,0.0,0.0,0.0,900000.0,1313074.0,0.0,0.0,0.0,0.0,0.0,0.0,0.0,0.0,1842760.0,1000000.0,0.0,4028182.0,0.0,2293257152.0,0.0,0.0,0.0,321594.0,0.0,8506163.0,314992.0,595431.0,0.0,0.0,9501494.0,0.0,0.0,264744.0,23172062.5,3014398.0,0.0,0.0,0.0,13523085.77,78361665.01,0.0,15450000.0,0.0,1243366.0,3476824.0,0.0,0.0,588296.0,15497000.0,0.0,0.0,1515500.0,32152092.0,0.0,0.0,0.0,0.0,0.0,24273454.0,1000000.0,0.0,0.0,0.0,3043850532.62
Carnegie Mellon University,0.0,0.0,0.0,0.0,0.0,47693951.0,0.0,0.0,0.0,0.0,0.0,0.0,0.0,784307.0,0.0,750000000.0,0.0,0.0,0.0,0.0,0.0,0.0,295000.0,0.0,0.0,0.0,298821022.0,0.0,0.0,0.0,2583435.0,43091674.0,0.0,4212601.0,0.0,0.0,0.0,0.0,317520.0,0.0,1047500.0,0.0,0.0,0.0,20548196.0,0.0,0.0,0.0,2973627.0,2826202.0,0.0,15992529.0,0.0,0.0,0.0,4835105.0,0.0,0.0,0.0,0.0,0.0,0.0,14600000.0,0.0,0.0,56939186.0,0.0,0.0,0.0,1266937.0,0.0,7978168.0,720000.0,0.0,83240427.0,0.0,0.0,0.0,2689250.0,0.0,774048.0,0.0,0.0,0.0,0.0,0.0,0.0,0.0,0.0,0.0,367500.0,0.0,0.0,0.0,6320271.0,0.0,0.0,0.0,0.0,0.0,0.0,0.0,0.0,0.0,0.0,0.0,633990.0,0.0,0.0,0.0,0.0,0.0,0.0,576756.0,0.0,93622280.0,0.0,1041705520.8,0.0,2860500.0,56812327.0,0.0,0.0,2047910.0,2100000.0,0.0,0.0,0.0,57178684.0,0.0,0.0,117698809.0,48306022.0,0.0,0.0,0.0,0.0,2301566.0,13203090.0,0.0,14108227.0,0.0,68080000.0,4078434.0,0.0,0.0,0.0,0.0,0.0,309030.0,5303400.0,0.0,0.0,0.0,0.0,0.0,0.0,8375122.0,250000.0,0.0,0.0,0.0,2910470123.8
University Of Pennsylvania,0.0,0.0,0.0,274399.09,0.0,4540408.71,1028139.0,0.0,11474549.3,293339.0,0.0,0.0,0.0,11657779.71,0.0,4137861.0,0.0,0.0,0.0,518367.95,9443190.0,0.0,0.0,0.0,0.0,0.0,29978390.99,3000000.0,0.0,0.0,0.0,135693590.33,0.0,271209.0,0.0,0.0,0.0,0.0,0.0,3080299.0,0.0,0.0,0.0,265000.0,129523668.4,16000.0,0.0,0.0,0.0,7099769.67,0.0,1832463583.93,0.0,0.0,15166158.0,952525.36,0.0,0.0,0.0,0.0,0.0,0.0,69767063.3,0.0,0.0,26113150.99,8521121.0,0.0,0.0,18153004.65,0.0,6566437.5,5091051.0,0.0,26221099.15,0.0,0.0,2109870.8,0.0,3639893.0,0.0,1108635.0,0.0,0.0,0.0,0.0,0.0,0.0,0.0,0.0,1305075.0,0.0,0.0,4086768.0,3658325.0,0.0,0.0,0.0,0.0,0.0,0.0,0.0,4110078.0,410000.0,2529000.0,0.0,0.0,332664.0,460000.0,0.0,915000.0,0.0,308206.0,3312306.0,0.0,467313.0,0.0,0.0,0.0,0.0,0.0,0.0,0.0,17003181.0,0.0,0.0,0.0,0.0,50633813.85,0.0,0.0,0.0,4100132.0,7629179.0,0.0,0.0,400000.0,1563991.0,101583895.11,0.0,10407754.0,0.0,6185413.0,1160238.93,0.0,0.0,0.0,1149336.0,0.0,285000.0,2057065.0,31583009.0,0.0,0.0,0.0,0.0,0.0,29948268.88,4850000.0,0.0,0.0,0.0,2660604566.6
Massachusetts Institute Of Technology,0.0,0.0,550000.0,15796194.0,0.0,23567500.0,2375011.0,789536.0,828942.0,1500000.0,0.0,0.0,0.0,15423387.0,2272000.0,19677410.0,2058310.0,0.0,0.0,9999999.0,39453947.81,0.0,0.0,0.0,0.0,0.0,33020389.0,500000.0,0.0,0.0,6025781.0,133756977.0,0.0,4629100.0,0.0,1157100.0,0.0,0.0,0.0,46200618.0,1361400.0,0.0,325000.0,0.0,145310377.0,0.0,1100000.0,0.0,8382499.0,33660635.24,300000.0,39191998.0,332158.0,0.0,0.0,16851475.0,0.0,0.0,350000.0,0.0,0.0,0.0,103324498.0,1625000.0,1932129.0,154586832.0,35486433.0,0.0,0.0,589377.0,0.0,7235775.0,71023133.0,0.0,239815757.0,26798927.0,250000.0,0.0,3796047.0,12530257.0,500000.0,2000000.0,0.0,250000.0,9713923.0,0.0,16718425.0,0.0,0.0,0.0,55101670.0,0.0,0.0,825000.0,50416521.0,0.0,2875854.0,0.0,33122086.0,0.0,0.0,0.0,11248523.0,6070000.0,5605000.0,0.0,8122511.0,0.0,0.0,0.0,500000.0,0.0,7211782.0,1000000.0,0.0,68811212.0,0.0,0.0,0.0,113613344.0,0.0,0.0,0.0,125408511.0,0.0,0.0,850000.0,1059361.0,352184002.0,0.0,0.0,10346004.0,80779728.0,48339993.0,0.0,0.0,0.0,15246660.0,42080272.58,0.0,47151620.0,0.0,55014877.0,1968185.0,0.0,0.0,0.0,582600.0,0.0,0.0,84582569.0,26440610.0,0.0,1471583.0,502075.03,1269999.0,0.0,3885000.0,805569.0,0.0,0.0,0.0,2559416978.66
Stanford University,0.0,0.0,0.0,6692161.0,0.0,50002204.06,7819694.0,0.0,1478391.0,0.0,250000.0,0.0,0.0,12944247.0,0.0,3059696.0,0.0,0.0,0.0,2573080.0,25141271.0,0.0,0.0,745200.0,0.0,0.0,35034613.12,9961154.0,0.0,0.0,525711.0,183115838.01,7600.0,3350000.0,0.0,0.0,0.0,386750.0,1228708.0,93174035.2,0.0,0.0,2500000.0,0.0,77550949.02,0.0,0.0,0.0,1605260.0,52540594.06,0.0,168682875.14,0.0,0.0,937000.0,0.0,0.0,0.0,0.0,0.0,0.0,0.0,195261075.73,297121.0,0.0,30823438.0,29694517.0,0.0,0.0,17558995.25,0.0,3531831.0,11753844.0,3216353.0,157356598.09,13699379.0,0.0,375000.0,1356825.0,0.0,0.0,0.0,0.0,0.0,1424162.37,0.0,1934742.0,427890.0,0.0,0.0,4441321.0,0.0,0.0,0.0,29253412.0,252100.0,0.0,0.0,0.0,0.0,0.0,0.0,39939692.0,0.0,801699.0,0.0,42990875.0,413503.0,0.0,0.0,0.0,0.0,6690481.0,1561570.0,873700.0,969026.0,0.0,1826857.0,648470.0,5051000.0,1570491.0,0.0,0.0,90861191.3,375000.0,0.0,15200.0,0.0,117846492.55,0.0,0.0,273915.0,69970800.0,5901809.0,0.0,0.0,666709.2000000001,42204508.21,224864415.53,0.0,37973561.65,0.0,26481598.0,9951873.0,0.0,0.0,0.0,13849.0,267974.0,0.0,4024631.0,101026561.0,0.0,2237600.0,5503535.28,0.0,250000.0,1000000.0,0.0,0.0,0.0,0.0,2089014223.77
Johns Hopkins University,11712059.0,0.0,0.0,10425.0,300.0,17583015.78,5169046.0,22516.0,5663395.0,313366.0,6369326.0,100.0,100.0,27674173.0,0.0,6347845.0,0.0,0.0,175421.0,0.0,2830535.0,0.0,0.0,665.0,5516784.0,0.0,118665783.88,10.0,0.0,0.0,148825.0,18101160.79,0.0,45938.0,745.0,1072432.0,26.0,50.0,70280.0,45678428.0,25.0,400950.0,1423699.0,0.0,215089780.8,0.0,0.0,496796.0,1355118.0,19676226.0,27127.0,137372251.73,4492965.0,0.0,0.0,10674212.0,0.0,436500.0,760.0,0.0,2261454.0,2130.0,7782636.0,180.0,50.0,39282149.82,5393662.0,80.0,0.0,14494604.35,0.0,21232390.74,10645562.0,18225.0,79556072.61,0.0,311038.0,1082408.0,954930.0,50086.0,50.0,267890.0,1663171.0,1170.0,1181016.0,0.0,14396.0,0.0,1052418.0,1328118.0,27422138.0,16960.0,914.0,0.0,279573.0,0.0,123058132.0,0.0,0.0,1928156.0,216470.0,27744.0,14825669.0,78519.0,524097.0,0.0,8621785.0,84683.0,1726534.0,0.0,119970.0,0.0,4097910.0,1462606.0,312682.0,1461781.0,1091551.0,3417837.0,0.0,590.0,0.0,0.0,50.0,57040991.0,4577713.83,307795.0,12430.0,0.0,7767331.0,20.0,115.0,19042491.53,50285647.480000004,9223504.0,0.0,0.0,2757.0,18952416.93,122324224.27,1364702.0,7828806.0,5141368.0,656580.0,17209062.12,6000.0,2102675.0,0.0,4049673.12,2215652.0,0.0,46552129.0,121127299.0,0.0,0.0,0.0,0.0,61132.0,276449.0,10000.0,0.0,11750766.5,478899.0,1554340029.28
Yale University,0.0,0.0,650000.0,0.0,0.0,6283930.0,1477743.0,0.0,1276693.0,0.0,0.0,0.0,0.0,8364541.0,0.0,7566741.0,0.0,0.0,0.0,0.0,1393000.0,0.0,0.0,0.0,0.0,0.0,28788398.0,5110795.0,0.0,0.0,2373014.0,130548504.0,0.0,0.0,0.0,0.0,0.0,0.0,343588.0,8666686.0,0.0,0.0,571246.0,0.0,148928949.92,0.0,0.0,0.0,2092176.0,38813237.0,0.0,46949753.03,0.0,0.0,0.0,1500000.0,0.0,0.0,0.0,442342902.84000003,0.0,0.0,248194407.5,0.0,275000.0,15048480.0,13066666.0,0.0,0.0,9441434.58,0.0,12550639.0,2876315.0,0.0,21354635.97,0.0,0.0,0.0,1219570.0,0.0,0.0,0.0,0.0,1091939.0,0.0,896991.0,750000.0,0.0,0.0,0.0,10171932.0,0.0,0.0,292000.0,1092485.0,0.0,1600000.0,0.0,0.0,0.0,0.0,0.0,3166298.0,16884747.0,1000000.0,0.0,1688083.0,0.0,0.0,0.0,0.0,0.0,0.0,0.0,684503.37,0.0,0.0,284668.0,0.0,7162206.0,1061045.0,0.0,0.0,13706316.0,0.0,0.0,0.0,0.0,70967603.82,0.0,0.0,0.0,21575969.0,36867421.0,0.0,0.0,0.0,3466448.0,66647397.09,0.0,1814754.0,0.0,812001.0,9724737.0,0.0,0.0,0.0,1913626.0,0.0,0.0,5143928.0,28054680.0,0.0,0.0,301000.0,0.0,0.0,0.0,4358666.0,0.0,0.0,298000.0,1521548490.1200001
Georgetown University,0.0,0.0,0.0,0.0,0.0,0.0,0.0,0.0,850000.0,1032667.0,0.0,0.0,0.0,0.0,0.0,0.0,0.0,0.0,0.0,0.0,2067256.0,0.0,0.0,0.0,0.0,0.0,0.0,0.0,0.0,0.0,311165.0,11469901.0,0.0,0.0,0.0,0.0,0.0,0.0,0.0,0.0,0.0,0.0,0.0,0.0,102495339.0,0.0,0.0,0.0,0.0,16623660.0,0.0,115440836.0,0.0,0.0,0.0,6500000.0,0.0,0.0,0.0,0.0,0.0,0.0,9431000.0,0.0,0.0,2584931.0,2754980.0,0.0,0.0,0.0,0.0,435201.0,517983.0,0.0,10331874.0,0.0,0.0,347598.0,0.0,2000000.0,0.0,0.0,0.0,0.0,625000.0,0.0,0.0,0.0,0.0,0.0,0.0,0.0,0.0,0.0,290752.0,0.0,0.0,0.0,0.0,0.0,0.0,0.0,2935297.0,640800.0,273394.0,0.0,263501.0,5900000.0,0.0,0.0,0.0,0.0,1026335.0,2800000.0,0.0,0.0,0.0,971077083.0,0.0,0.0,0.0,0.0,0.0,30590000.0,0.0,0.0,0.0,0.0,2054610.0,0.0,0.0,0.0,6332926.0,8651392.0,0.0,0.0,0.0,1675402.0,5401913.0,0.0,12420000.0,0.0,0.0,600279.0,0.0,0.0,0.0,650000.0,0.0,500000.0,5381527.0,0.0,0.0,0.0,0.0,0.0,1387000.0,0.0,0.0,0.0,0.0,0.0,1346671602.0
Northwestern University,0.0,0.0,0.0,0.0,0.0,11828402.0,0.0,0.0,1500000.0,0.0,0.0,0.0,0.0,3772757.0,0.0,6842043.0,0.0,0.0,0.0,0.0,2836896.0,0.0,0.0,0.0,0.0,0.0,14691162.22,11567053.0,0.0,0.0,0.0,17357663.45,0.0,0.0,0.0,0.0,0.0,0.0,0.0,4913761.0,0.0,0.0,0.0,0.0,21069316.61,0.0,0.0,0.0,0.0,19122654.57,0.0,18169006.04,0.0,0.0,0.0,0.0,0.0,0.0,0.0,0.0,0.0,0.0,10749337.28,0.0,0.0,2919923.0,16754802.0,0.0,0.0,29862378.86,0.0,13628273.18,305480.0,0.0,34490473.08,0.0,0.0,0.0,0.0,347705.0,0.0,0.0,0.0,0.0,0.0,256425.0,772300.0,0.0,0.0,0.0,998140.0,0.0,0.0,0.0,555000.0,0.0,0.0,0.0,0.0,0.0,0.0,0.0,1954706.0,0.0,2037924.0,0.0,1390000.0,0.0,0.0,0.0,0.0,0.0,0.0,0.0,0.0,586036.0,0.0,737808527.0,0.0,0.0,0.0,0.0,0.0,31393648.0,0.0,0.0,738000.0,0.0,13363014.0,0.0,0.0,3500000.0,10134112.9,920678.5700000001,0.0,0.0,0.0,3009638.21,73320996.11,0.0,871612.28,0.0,0.0,1609493.0,0.0,0.0,0.0,250258.0,0.0,0.0,525000.0,19623335.0,426559.0,0.0,0.0,0.0,0.0,0.0,1668587.0,0.0,0.0,0.0,1150443077.36
"University Of California, Berkeley",0.0,0.0,0.0,0.0,0.0,1069276.0,0.0,1838281.0,2223629.0,0.0,0.0,0.0,0.0,15747037.0,0.0,90724025.0,0.0,0.0,0.0,0.0,8064482.25,0.0,250000.0,0.0,0.0,1195442.0,108188997.0,2499625.0,0.0,0.0,2234871.0,95358366.0,0.0,399556.0,0.0,0.0,0.0,0.0,375000.0,13298906.98,393551.0,0.0,0.0,0.0,41164752.02,0.0,0.0,0.0,1922837.0,52794093.0,0.0,66159216.55,2261700.0,0.0,327016.0,0.0,0.0,0.0,0.0,0.0,0.0,0.0,114968816.0,4068250.0,0.0,3981537.0,21131507.75,0.0,0.0,0.0,0.0,1980317.0,4843110.25,10000.0,44478736.0,0.0,0.0,6338248.12,0.0,5380502.0,0.0,250000.0,0.0,0.0,0.0,0.0,0.0,0.0,0.0,0.0,2503899.0,0.0,0.0,250000.0,6911373.5,450000.0,0.0,1512233.75,0.0,0.0,0.0,0.0,5537128.0,2616500.0,0.0,0.0,6741069.0,0.0,3094886.0,0.0,750000.0,0.0,594258.0,19160458.25,0.0,450000.0,0.0,0.0,0.0,0.0,450000.0,0.0,0.0,42954886.0,0.0,0.0,0.0,0.0,74131667.85,0.0,0.0,0.0,49949352.0,1391781.0,0.0,0.0,0.0,6254813.0,27078692.0,0.0,70904367.0,1640249.0,272006.0,759652.0,0.0,0.0,0.0,0.0,0.0,0.0,20867570.94,14312383.0,250000.0,0.0,2701126.0,0.0,0.0,1000000.0,250000.0,0.0,0.0,256819.0,1081918854.21
Duke University,0.0,0.0,0.0,0.0,0.0,6793278.0,7800.0,0.0,2932342.0,0.0,0.0,0.0,0.0,8236475.77,0.0,0.0,0.0,300000.0,0.0,0.0,3980680.0,0.0,0.0,0.0,0.0,0.0,28988796.0,0.0,1050061.59,0.0,0.0,60895763.0,5897262.0,662716.0,268010.0,0.0,0.0,0.0,0.0,19027235.0,0.0,0.0,9868.0,0.0,38786454.74,0.0,0.0,0.0,438669.0,153699878.0,0.0,79589317.35,0.0,0.0,0.0,0.0,0.0,0.0,0.0,0.0,0.0,0.0,10231204.22,0.0,0.0,9468043.0,524260.0,0.0,0.0,255655996.66,0.0,274543.0,3009782.0,0.0,13316252.0,0.0,0.0,61094200.0,0.0,1184149.0,0.0,0.0,0.0,0.0,0.0,0.0,623200.0,0.0,0.0,0.0,5148842.0,0.0,0.0,0.0,1251133.0,0.0,0.0,0.0,0.0,0.0,0.0,0.0,8422936.0,1217370.0,444941.83,0.0,0.0,0.0,0.0,0.0,700000.0,0.0,1726017.0,0.0,0.0,0.0,0.0,2530691.0,0.0,0.0,0.0,0.0,0.0,3561688.0,2388942.0,0.0,0.0,0.0,34584429.81,0.0,0.0,2627166.0,2040667.0,1775017.0,0.0,0.0,0.0,79160191.4,55840249.26,0.0,3409259.0,924769.0,11715639.0,3280782.0,0.0,0.0,0.0,0.0,1002077.0,0.0,1456612.0,66977830.0,0.0,0.0,0.0,0.0,0.0,0.0,0.0,0.0,0.0,0.0,1059133485.6300001
University Of Southern California,0.0,0.0,0.0,0.0,0.0,17646176.0,265132.0,0.0,2689442.8,0.0,0.0,0.0,0.0,2764304.87,0.0,0.0,0.0,0.0,0.0,1084991.0,6380764.56,0.0,0.0,0.0,0.0,0.0,35095912.18,734285.0,0.0,0.0,0.0,101906689.52,0.0,355719.0,0.0,0.0,0.0,0.0,0.0,722073.75,0.0,0.0,0.0,0.0,23216618.06,0.0,0.0,0.0,2015375.42,7754784.23,0.0,19844052.57,0.0,0.0,0.0,0.0,0.0,0.0,0.0,0.0,0.0,0.0,93409272.28,0.0,0.0,312500.0,7703232.53,0.0,0.0,3131802.09,0.0,15977627.879999999,0.0,969548.5,260326449.98,1712169.0,0.0,13714281.59,0.0,40819524.45,0.0,0.0,0.0,0.0,0.0,0.0,743043.0,0.0,0.0,0.0,4723819.52,0.0,0.0,0.0,3476944.12,0.0,0.0,0.0,0.0,0.0,0.0,0.0,2162746.0,0.0,69342.0,281129.44,3720667.0,423746.11,0.0,0.0,274960.0,0.0,0.0,2800036.0,0.0,0.0,0.0,3655485.0,0.0,500000.0,0.0,0.0,0.0,121985566.404,0.0,0.0,0.0,0.0,7688688.0,0.0,0.0,0.0,21372769.12,0.0,0.0,330000.0,0.0,8200460.1899999995,31006451.88,0.0,48349440.0,0.0,12144551.76,3880010.89,0.0,0.0,0.0,1256659.56,0.0,0.0,1310857.03,9787354.0,1623675.6,0.0,0.0,0.0,0.0,0.0,250000.0,0.0,0.0,0.0,952571131.8840001
"University Of California, San Diego",0.0,0.0,0.0,1.0,0.0,12375289.49,1030659.0,0.0,977948.0,0.0,0.0,0.0,0.0,27226280.32,0.0,23581439.8,0.0,0.0,0.0,2.0,1361493.71,0.0,0.0,1564806.0,0.0,0.0,19275336.08,258556.0,0.0,0.0,1.0,22390405.09,0.0,0.0,0.0,0.0,0.0,0.0,0.0,66964928.88,0.0,0.0,0.0,0.0,115995735.92,0.0,0.0,1.0,2314216.5,54886366.24,0.0,62100563.61,0.0,0.0,0.0,1.0,0.0,0.0,0.0,14000000.0,0.0,0.0,5529836.0,0.0,0.0,46181655.0,1988845.0,0.0,0.0,22658020.7,0.0,16907448.6,3705028.5,0.0,75980827.95,0.0,0.0,338562.09,0.0,8869888.54,0.0,0.0,0.0,0.0,0.0,0.0,639587.0,0.0,0.0,2.0,3285367.68,0.0,0.0,0.0,2648415.24,0.0,0.0,0.0,0.0,3586637.0,0.0,0.0,2339831.0,3547556.6,1.0,621225.0,9579314.64,0.0,0.0,0.0,0.0,0.0,565438.0,499349.0,1.0,1.0,0.0,0.0,0.0,0.0,0.0,0.0,0.0,69382582.21,2.0,0.0,0.0,0.0,15692581.0,0.0,0.0,5124.0,46596795.62,1490376.4,658289.0,0.0,0.0,17321981.0,113144228.62,0.0,3100030.24,0.0,1360674.88,6906973.76,0.0,0.0,0.0,506527.64,0.0,1855569.0,2119390.0,0.0,0.0,1.0,0.0,0.0,0.0,1.0,804618.0,1.0,0.0,0.0,916722615.55
"University Of California, Los Angeles",0.0,0.0,0.0,0.0,0.0,14752419.0,2065329.0,0.0,5744071.0,0.0,400000.0,0.0,0.0,1528004.0,0.0,1000000.0,0.0,0.0,0.0,0.0,526205.0,0.0,450000.0,0.0,0.0,911150.0,38250428.0,2902574.0,0.0,100.0,261801.0,92321405.0,0.0,0.0,0.0,0.0,0.0,0.0,1.0,8108779.0,0.0,21.0,600000.0,0.0,99494418.0,3.0,0.0,78.0,1229665.0,13802950.0,0.0,36785915.0,0.0,0.0,0.0,6590963.0,0.0,0.0,0.0,0.0,0.0,0.0,25262830.0,0.0,509578.0,9305775.0,1662196.0,0.0,0.0,5359222.0,0.0,11152679.0,1279332.0,0.0,119754734.0,5000.0,25175000.0,0.0,0.0,0.0,0.0,0.0,0.0,0.0,289760.0,0.0,2.0,0.0,0.0,0.0,250625.0,0.0,0.0,0.0,3.0,0.0,0.0,0.0,0.0,0.0,0.0,0.0,989782.0,268157.0,0.0,0.0,8841411.0,0.0,0.0,0.0,0.0,289200.0,0.0,1.0,0.0,0.0,0.0,1.0,0.0,673001.0,0.0,0.0,0.0,15251658.0,1.0,399950.0,0.0,0.0,20525477.74,0.0,0.0,2454205.0,19935731.0,6171569.0,0.0,0.0,0.0,7069275.0,58262316.0,0.0,11459963.0,0.0,0.0,1837468.0,0.0,0.0,0.0,3101000.0,5345890.0,0.0,2486824.0,19086654.0,0.0,0.0,1267095.0,0.0,0.0,0.0,2500000.0,0.0,0.0,1.0,715949645.74
University Of Virginia,0.0,0.0,0.0,0.0,0.0,5987524.0,205846.0,0.0,0.0,0.0,7835383.6899999995,0.0,0.0,4730437.79,0.0,3298646.0,0.0,0.0,0.0,0.0,77073.0,0.0,0.0,0.0,0.0,0.0,11489546.47,3481345.38,0.0,0.0,5052.0,12781214.7,0.0,0.0,402001.0,0.0,0.0,0.0,0.0,26544756.76,0.0,0.0,38524.0,0.0,40725760.35,0.0,0.0,0.0,2629997.0,22547536.91,0.0,38714401.59,0.0,0.0,5295002.0,0.0,0.0,0.0,0.0,2500000.0,0.0,0.0,2470869.0,0.0,0.0,1380049.0,0.0,0.0,0.0,49200130.13,0.0,20785131.59,6557502.0,0.0,43953180.46,0.0,0.0,0.0,30718.0,53914.0,0.0,0.0,0.0,0.0,0.0,0.0,444202.0,0.0,0.0,0.0,0.0,0.0,0.0,0.0,1941.0,0.0,0.0,0.0,0.0,0.0,0.0,0.0,3856838.0,345775.0,0.0,0.0,0.0,0.0,560000.0,0.0,0.0,0.0,400000.0,0.0,1250000.0,58273.0,0.0,0.0,0.0,0.0,284135.0,0.0,613910.0,31808523.0,0.0,0.0,0.0,0.0,9395873.0,0.0,0.0,0.0,3231050.8,268050.0,0.0,0.0,11449192.0,6699509.95,56611600.49,0.0,1111864.28,6930246.3,425883.0,1983836.47,0.0,0.0,0.0,0.0,0.0,0.0,3597414.0,22616071.0,0.0,0.0,494729.0,0.0,0.0,0.0,0.0,0.0,0.0,0.0,478160460.11
Princeton University,0.0,0.0,0.0,0.0,0.0,25679158.0,0.0,0.0,2224000.0,0.0,0.0,0.0,0.0,450385.0,0.0,7896426.0,0.0,0.0,0.0,0.0,0.0,0.0,0.0,0.0,0.0,0.0,13514026.0,0.0,0.0,0.0,0.0,31229640.0,0.0,0.0,0.0,0.0,4227068.0,0.0,0.0,1081385.0,0.0,0.0,550000.0,3010000.0,84565549.0,0.0,0.0,0.0,731404.0,1418224.0,0.0,3876805.0,0.0,0.0,0.0,1000000.0,0.0,0.0,0.0,0.0,0.0,0.0,134364306.0,0.0,0.0,2324500.0,500000.0,0.0,0.0,0.0,0.0,335000.0,1050229.0,0.0,14035453.0,0.0,0.0,0.0,0.0,300000.0,0.0,0.0,0.0,0.0,12537298.0,0.0,0.0,0.0,0.0,0.0,0.0,0.0,0.0,0.0,0.0,0.0,0.0,0.0,420000.0,0.0,0.0,0.0,0.0,0.0,0.0,0.0,5416985.0,0.0,0.0,0.0,0.0,0.0,0.0,0.0,0.0,0.0,0.0,0.0,0.0,0.0,0.0,0.0,0.0,2420000.0,0.0,0.0,0.0,0.0,1050000.0,0.0,0.0,0.0,5740000.0,0.0,0.0,0.0,0.0,0.0,55719626.0,0.0,700000.0,0.0,1400000.0,450000.0,0.0,0.0,0.0,254950.0,0.0,0.0,0.0,9436086.0,0.0,0.0,95800.0,0.0,0.0,0.0,5000000.0,0.0,0.0,0.0,435004303.0
"University Of California, Davis",0.0,0.0,0.0,0.0,0.0,10380629.0,0.0,0.0,1425346.0,0.0,0.0,0.0,0.0,3051922.0,0.0,0.0,0.0,0.0,0.0,0.0,1137704.0,0.0,0.0,0.0,0.0,0.0,15232281.0,0.0,0.0,0.0,20039544.63,18157337.0,0.0,1344291.0,0.0,0.0,0.0,0.0,0.0,5143908.0,0.0,0.0,1293224.0,0.0,20873257.05,0.0,0.0,0.0,589802.0,9031420.04,5500.0,15365477.0,0.0,383.0,0.0,0.0,0.0,0.0,0.0,0.0,0.0,0.0,750000.0,0.0,0.0,0.0,419760.0,0.0,0.0,556074.0,0.0,10663386.0,1376770.0,0.0,39908392.0,0.0,0.0,0.0,1055726.0,296170.7,0.0,0.0,0.0,0.0,0.0,0.0,0.0,0.0,0.0,0.0,475963.0,0.0,0.0,0.0,12889760.0,0.0,0.0,0.0,0.0,0.0,0.0,0.0,1146159.0,424000.0,0.0,0.0,32162165.0,0.0,0.0,0.0,0.0,0.0,0.0,1706557.0,0.0,0.0,0.0,261050.0,0.0,0.0,0.0,0.0,0.0,11239257.79,908885.0,0.0,0.0,0.0,64537187.0,0.0,0.0,586528.0,11831997.47,49518959.0,0.0,0.0,0.0,6082286.0,19683180.0,0.0,1933214.0,0.0,303089.0,8401428.0,0.0,0.0,0.0,0.0,0.0,0.0,5433642.0,8381520.0,0.0,0.0,0.0,0.0,0.0,0.0,321358.0,0.0,0.0,0.0,416326489.67999995
California Institute Of Technology,0.0,0.0,0.0,0.0,0.0,12573155.0,0.0,0.0,0.0,0.0,0.0,0.0,0.0,375000.0,0.0,0.0,0.0,0.0,0.0,0.0,781272.0,0.0,0.0,0.0,0.0,0.0,13252374.0,0.0,0.0,0.0,1626932.0,7557480.58,0.0,0.0,0.0,0.0,0.0,0.0,0.0,3038182.0,0.0,0.0,0.0,0.0,13056881.0,0.0,0.0,0.0,2661034.0,17403731.95,2076.0,18405232.0,0.0,0.0,269983.0,0.0,0.0,0.0,0.0,0.0,0.0,0.0,41294139.84,0.0,0.0,3177540.0,0.0,0.0,0.0,0.0,0.0,349320.0,3344785.0,0.0,78090208.01,0.0,0.0,0.0,0.0,0.0,0.0,0.0,0.0,0.0,0.0,0.0,0.0,0.0,0.0,0.0,0.0,0.0,0.0,0.0,0.0,0.0,0.0,0.0,0.0,0.0,0.0,0.0,2542850.0,0.0,0.0,0.0,1073229.0,0.0,0.0,0.0,0.0,0.0,0.0,0.0,0.0,10196.0,0.0,0.0,0.0,94012.0,0.0,0.0,0.0,24557904.3,1069970.0,0.0,0.0,0.0,43088236.129999995,0.0,0.0,4855.0,26864158.99,486967.0,0.0,0.0,0.0,1281070.0,9850583.0,0.0,3558816.0,0.0,681128.0,1085801.0,0.0,0.0,0.0,0.0,0.0,0.0,36000000.0,2156571.0,0.0,0.0,0.0,0.0,3000000.0,0.0,0.0,0.0,0.0,0.0,374665673.79999995
University Of Florida,0.0,0.0,0.0,0.0,0.0,15916311.25,586858.0,0.0,0.0,0.0,0.0,0.0,4786.0,1498381.0,0.0,28000000.0,0.0,0.0,0.0,0.0,300300.0,0.0,0.0,0.0,0.0,0.0,5462414.0,8289.0,0.0,0.0,3538753.0,392579.0,0.0,0.0,0.0,0.0,0.0,0.0,0.0,1109097.0,0.0,0.0,0.0,0.0,2154404.0,0.0,0.0,0.0,0.0,9466613.2,0.0,14373051.0,0.0,0.0,0.0,0.0,3258920.0,0.0,0.0,0.0,0.0,0.0,250000.0,0.0,0.0,2477565.09,0.0,0.0,0.0,4789915.47,0.0,2706102.91,13876469.96,0.0,22092546.4,568918.0,0.0,0.0,408417.0,658335.0,0.0,0.0,0.0,0.0,339705.0,0.0,0.0,0.0,0.0,0.0,0.0,0.0,0.0,0.0,1319000.0,0.0,0.0,0.0,0.0,0.0,0.0,0.0,2715989.0,272450.0,0.0,0.0,0.0,0.0,0.0,0.0,0.0,0.0,0.0,0.0,0.0,0.0,0.0,0.0,0.0,0.0,0.0,6676497.0,0.0,15053721.879999999,0.0,0.0,0.0,0.0,3483382.0,0.0,0.0,0.0,40049403.0,19276130.88,0.0,0.0,750000.0,704700.0,24829756.59,0.0,0.0,0.0,0.0,646907.1599999999,0.0,0.0,0.0,0.0,0.0,0.0,0.0,10105978.0,0.0,0.0,8398328.0,0.0,0.0,0.0,0.0,0.0,0.0,0.0,268520974.78999996
Brown University,0.0,0.0,0.0,0.0,0.0,3099999.56,0.0,0.0,0.0,0.0,0.0,0.0,0.0,1731844.0,0.0,2603387.0,0.0,0.0,0.0,0.0,1141000.0,0.0,0.0,0.0,0.0,0.0,9187641.53,0.0,0.0,0.0,0.0,24970837.65,0.0,0.0,0.0,0.0,0.0,0.0,636744.0,1254702.0,0.0,0.0,0.0,0.0,77112738.61,0.0,0.0,0.0,0.0,6907331.0,0.0,3644884.0,0.0,0.0,0.0,0.0,0.0,0.0,0.0,0.0,0.0,1295000.0,22254529.0,0.0,0.0,6088335.0,0.0,0.0,0.0,520000.0,0.0,1052974.0,0.0,0.0,4030000.0,0.0,9928000.0,0.0,0.0,0.0,0.0,0.0,0.0,0.0,0.0,0.0,0.0,0.0,0.0,0.0,0.0,0.0,0.0,0.0,0.0,0.0,0.0,0.0,0.0,0.0,0.0,0.0,0.0,0.0,0.0,0.0,64828.0,0.0,0.0,643000.0,0.0,0.0,0.0,0.0,0.0,5020.0,0.0,0.0,0.0,0.0,0.0,0.0,0.0,4238484.5,0.0,0.0,0.0,0.0,12454935.0,0.0,0.0,509588.0,7569024.6,12082810.0,0.0,0.0,0.0,11116552.0,3559018.0,0.0,1061760.0,1246121.0,4354432.5,86124.0,0.0,0.0,0.0,1610000.0,0.0,0.0,535938.0,7172759.0,0.0,0.0,0.0,0.0,0.0,0.0,0.0,0.0,0.0,0.0,245770341.95
Vanderbilt University,0.0,0.0,0.0,0.0,0.0,0.0,1244734.0,0.0,500000.0,0.0,0.0,0.0,0.0,1150000.0,0.0,0.0,0.0,0.0,0.0,0.0,0.0,0.0,0.0,0.0,0.0,0.0,1066220.0,0.0,0.0,0.0,0.0,0.0,0.0,0.0,0.0,0.0,0.0,0.0,0.0,21015403.0,0.0,0.0,0.0,0.0,4180446.0,0.0,0.0,0.0,0.0,399035.0,0.0,36436338.0,0.0,0.0,0.0,0.0,0.0,0.0,0.0,0.0,0.0,0.0,710000.0,0.0,0.0,250000.0,0.0,0.0,2750693.0,414548.0,0.0,0.0,0.0,0.0,5432047.0,0.0,0.0,0.0,0.0,0.0,0.0,0.0,0.0,0.0,0.0,0.0,0.0,0.0,0.0,0.0,0.0,0.0,0.0,0.0,0.0,0.0,0.0,0.0,0.0,0.0,0.0,0.0,0.0,0.0,0.0,0.0,0.0,0.0,0.0,0.0,0.0,0.0,0.0,0.0,0.0,0.0,0.0,0.0,0.0,0.0,0.0,0.0,0.0,906047.0,0.0,0.0,0.0,0.0,500000.0,0.0,0.0,345599.0,0.0,0.0,0.0,0.0,0.0,1200000.0,2255939.0,0.0,0.0,0.0,0.0,0.0,0.0,0.0,0.0,0.0,0.0,0.0,9305747.0,121184193.0,0.0,0.0,0.0,0.0,0.0,0.0,0.0,0.0,0.0,0.0,211246989.0
Washington University In St. Louis,0.0,0.0,0.0,0.0,0.0,3247175.0,279000.0,0.0,2003162.0,0.0,0.0,0.0,0.0,4651344.0,0.0,342074.0,0.0,0.0,0.0,0.0,0.0,0.0,0.0,0.0,0.0,0.0,14648104.64,3720397.0,0.0,0.0,0.0,18184028.6,0.0,0.0,0.0,0.0,0.0,0.0,924835.0,5233545.0,0.0,0.0,0.0,0.0,12188054.46,0.0,0.0,0.0,0.0,12822772.5,0.0,3720393.0,0.0,0.0,0.0,0.0,0.0,0.0,0.0,0.0,0.0,0.0,4499975.0,0.0,0.0,5885613.0,0.0,0.0,0.0,2092833.6,0.0,4341942.5,3060077.8,0.0,12026028.0,0.0,0.0,0.0,0.0,0.0,0.0,0.0,0.0,0.0,0.0,0.0,0.0,0.0,0.0,0.0,0.0,0.0,0.0,0.0,0.0,0.0,0.0,0.0,0.0,0.0,0.0,0.0,4068882.0,0.0,0.0,0.0,594474.0,0.0,1.0,0.0,0.0,0.0,0.0,0.0,0.0,0.0,0.0,1117908.0,0.0,0.0,250062.0,0.0,0.0,10296477.0,0.0,0.0,0.0,0.0,313290.0,0.0,0.0,0.0,6108820.0,1229641.0,0.0,0.0,0.0,5699345.0,27040698.81,0.0,1436033.0,0.0,0.0,4022793.0,0.0,0.0,0.0,18750.0,0.0,0.0,0.0,10423074.0,0.0,0.0,0.0,0.0,0.0,0.0,0.0,0.0,0.0,0.0,186491603.91
Emory University,0.0,0.0,0.0,0.0,0.0,2372593.0,1397160.0,0.0,2379255.0,0.0,0.0,0.0,0.0,357156.0,0.0,1150000.0,0.0,0.0,0.0,0.0,0.0,0.0,0.0,0.0,0.0,0.0,13702428.0,0.0,0.0,0.0,0.0,12127816.0,0.0,0.0,0.0,0.0,0.0,0.0,0.0,1145491.0,0.0,0.0,0.0,0.0,15750437.0,0.0,0.0,1359355.0,0.0,6212761.0,3585890.0,2955358.0,0.0,0.0,0.0,0.0,0.0,0.0,0.0,0.0,0.0,0.0,200000.0,0.0,1000000.0,1000000.0,0.0,0.0,0.0,371745.0,0.0,4041120.0,10510275.0,0.0,23366216.0,0.0,0.0,0.0,0.0,0.0,0.0,0.0,0.0,0.0,0.0,0.0,579357.0,0.0,0.0,0.0,6076997.0,0.0,0.0,0.0,0.0,0.0,0.0,0.0,0.0,0.0,0.0,0.0,1587731.0,306788.0,0.0,0.0,0.0,0.0,0.0,0.0,0.0,0.0,0.0,268816.0,0.0,0.0,0.0,256750.0,0.0,0.0,3085200.0,0.0,0.0,15179427.0,0.0,0.0,0.0,0.0,1000000.0,0.0,0.0,2123729.0,7265319.0,417224.0,0.0,0.0,0.0,749880.0,25501991.0,0.0,0.0,0.0,0.0,300000.0,0.0,0.0,0.0,0.0,418198.0,0.0,0.0,7099222.0,5178269.0,0.0,0.0,0.0,0.0,0.0,0.0,0.0,0.0,0.0,182379954.0
University Of Notre Dame,0.0,0.0,0.0,200000.0,0.0,1351271.0,0.0,0.0,9187842.0,0.0,0.0,0.0,0.0,1803543.56,0.0,0.0,0.0,0.0,0.0,0.0,1063500.0,0.0,0.0,0.0,0.0,0.0,16319823.0,0.0,0.0,0.0,0.0,4550100.0,0.0,0.0,0.0,0.0,0.0,0.0,0.0,2413000.0,0.0,0.0,0.0,0.0,18813130.16,0.0,0.0,0.0,0.0,542488.0,0.0,0.0,0.0,0.0,0.0,0.0,0.0,0.0,0.0,0.0,0.0,0.0,1950000.0,0.0,0.0,0.0,0.0,0.0,0.0,5090000.0,0.0,0.0,3187240.0,0.0,901208.0,0.0,0.0,0.0,0.0,0.0,0.0,0.0,0.0,0.0,0.0,0.0,0.0,0.0,0.0,0.0,0.0,0.0,0.0,0.0,0.0,0.0,0.0,0.0,0.0,0.0,0.0,0.0,6402068.0,0.0,0.0,0.0,0.0,0.0,0.0,0.0,0.0,0.0,0.0,0.0,0.0,0.0,640000.0,0.0,0.0,0.0,0.0,0.0,0.0,0.0,0.0,0.0,0.0,0.0,0.0,0.0,0.0,0.0,12589711.0,3500000.0,0.0,0.0,0.0,0.0,33265563.0,0.0,1429909.0,0.0,0.0,6665305.0,0.0,0.0,0.0,0.0,0.0,0.0,0.0,3988961.0,0.0,0.0,0.0,0.0,0.0,0.0,0.0,0.0,0.0,0.0,135854662.72
Dartmouth College,0.0,0.0,0.0,0.0,0.0,0.0,0.0,0.0,0.0,0.0,0.0,0.0,0.0,3442557.0,0.0,0.0,0.0,0.0,0.0,0.0,0.0,0.0,0.0,0.0,0.0,0.0,68020800.0,0.0,0.0,0.0,0.0,402500.0,0.0,0.0,0.0,0.0,0.0,0.0,0.0,269272.0,0.0,0.0,0.0,0.0,19778795.02,0.0,0.0,0.0,0.0,250000.0,0.0,0.0,0.0,0.0,0.0,0.0,0.0,0.0,0.0,0.0,0.0,0.0,5018208.73,0.0,0.0,400000.0,0.0,0.0,0.0,0.0,0.0,0.0,0.0,0.0,3591343.0,0.0,0.0,0.0,0.0,2862620.0,0.0,0.0,0.0,0.0,0.0,0.0,0.0,0.0,0.0,0.0,0.0,0.0,0.0,0.0,0.0,0.0,0.0,0.0,0.0,0.0,0.0,0.0,0.0,0.0,0.0,0.0,0.0,0.0,0.0,0.0,450000.0,0.0,11440898.0,0.0,0.0,0.0,0.0,0.0,0.0,0.0,593646.0,0.0,0.0,0.0,0.0,0.0,0.0,0.0,1312874.22,0.0,0.0,0.0,0.0,0.0,0.0,0.0,0.0,0.0,2000000.0,0.0,0.0,0.0,0.0,0.0,0.0,0.0,0.0,0.0,0.0,0.0,0.0,290507.0,0.0,0.0,0.0,0.0,0.0,0.0,5911800.0,0.0,0.0,0.0,126035820.97
Rice University,0.0,0.0,0.0,0.0,0.0,0.0,0.0,0.0,0.0,0.0,0.0,0.0,0.0,0.0,0.0,0.0,0.0,0.0,0.0,0.0,0.0,0.0,0.0,0.0,0.0,0.0,771500.0,0.0,0.0,0.0,0.0,0.0,0.0,0.0,0.0,0.0,0.0,0.0,0.0,0.0,0.0,0.0,0.0,0.0,1051259.0,0.0,0.0,0.0,0.0,0.0,0.0,0.0,0.0,0.0,0.0,0.0,0.0,0.0,0.0,0.0,0.0,0.0,0.0,0.0,0.0,0.0,0.0,0.0,0.0,0.0,0.0,1500000.0,0.0,0.0,0.0,0.0,0.0,0.0,0.0,0.0,0.0,0.0,0.0,0.0,0.0,0.0,0.0,0.0,0.0,0.0,0.0,0.0,0.0,0.0,0.0,0.0,0.0,0.0,0.0,0.0,0.0,0.0,0.0,0.0,0.0,0.0,0.0,0.0,0.0,0.0,0.0,0.0,0.0,0.0,0.0,0.0,0.0,500000.0,0.0,0.0,0.0,0.0,0.0,0.0,0.0,0.0,0.0,0.0,0.0,0.0,0.0,0.0,0.0,0.0,0.0,0.0,0.0,0.0,0.0,0.0,0.0,0.0,0.0,0.0,0.0,0.0,0.0,0.0,0.0,0.0,0.0,0.0,0.0,0.0,0.0,0.0,0.0,0.0,0.0,0.0,0.0,0.0,3822759.0
